Year,Team,Conf,Won,Lost,Win_Pct,Games,Goals,Shots,ShotPct,GPG,SPG,GA,GAPG,GBPG,FO_Pct,RPI,Playoffs,Champion
2014,Loyola Maryland,Patriot,15,1,0.938,16,213,659,0.32299999999999995,13.31,41.19,114,7.13,35.81,0.525,0.6431,1,0
2014,Denver,Big East,14,2,0.875,16,215,570,0.377,13.44,35.62,135,8.44,29.25,0.485,0.652,1,0
2014,Duke,Atlantic Coast,13,3,0.813,16,232,659,0.35200000000000004,14.5,41.19,152,9.5,35.69,0.5770000000000001,0.7319,1,1
2014,Bryant,Northeast,15,4,0.789,19,198,692,0.28600000000000003,10.42,36.42,141,7.42,35.11,0.6779999999999999,0.6145,1,0
2014,Maryland,Atlantic Coast,11,3,0.7859999999999999,14,163,563,0.29,11.64,40.21,97,6.93,36.14,0.6459999999999999,0.68,1,0
2014,Penn,Ivy League,11,3,0.7859999999999999,14,148,500,0.29600000000000004,10.57,35.71,123,8.79,30.64,0.484,0.6547,1,0
2014,Drexel,Colonial,12,4,0.75,16,187,657,0.285,11.69,41.06,160,10.0,31.94,0.606,0.648,1,0
2014,Fairfield,ECAC,12,4,0.75,16,181,491,0.369,11.31,30.69,135,8.44,28.69,0.47600000000000003,0.5451,0,0
2014,Syracuse,Atlantic Coast,11,4,0.733,15,199,551,0.361,13.27,36.73,177,11.8,29.4,0.467,0.6959,1,0
2014,Cornell,Ivy League,11,4,0.733,15,197,612,0.322,13.13,40.8,145,9.67,35.93,0.517,0.6449,1,0
2014,Saint Joseph's,Northeast,11,4,0.733,15,167,567,0.295,11.13,37.8,123,8.2,28.47,0.499,0.5008,0,0
2014,Lehigh,Patriot,13,5,0.722,18,190,666,0.285,10.56,37.0,130,7.22,31.28,0.5379999999999999,0.578,0,0
2014,North Carolina,Atlantic Coast,10,4,0.7140000000000001,14,190,565,0.336,13.57,40.36,117,8.36,33.57,0.484,0.6699,1,0
2014,Johns Hopkins,Independent,10,4,0.7140000000000001,14,168,561,0.299,12.0,40.07,116,8.29,31.21,0.57,0.664,1,0
2014,Hofstra,Colonial,11,5,0.688,16,153,549,0.27899999999999997,9.56,34.31,135,8.44,28.69,0.551,0.5935,0,0
2014,Air Force,ECAC,11,5,0.688,16,190,663,0.287,11.88,41.44,140,8.75,29.19,0.494,0.5836,1,0
2014,Virginia,Atlantic Coast,10,5,0.667,15,194,606,0.32,12.93,40.4,164,10.93,37.6,0.47200000000000003,0.6967,1,0
2014,Siena,Metro Atlantic,11,6,0.647,17,173,683,0.253,10.18,40.18,167,9.82,31.47,0.58,0.5474,0,0
2014,Yale,Ivy League,9,5,0.643,14,147,518,0.284,10.5,37.0,120,8.57,29.5,0.579,0.6085,0,0
2014,Army West Point,Patriot,9,5,0.643,14,142,523,0.272,10.14,37.36,101,7.21,27.14,0.535,0.5411,0,0
2014,Notre Dame,Atlantic Coast,9,5,0.643,14,166,521,0.319,11.86,37.21,137,9.79,30.86,0.552,0.7279,1,0
2014,Harvard,Ivy League,10,6,0.625,16,177,589,0.301,11.06,36.81,153,9.56,29.38,0.49,0.6651,1,0
2014,Bellarmine,ECAC,7,5,0.583,12,113,460,0.24600000000000002,9.42,38.33,103,8.58,24.42,0.402,0.4882,0,0
2014,Brown,Ivy League,8,6,0.5710000000000001,14,142,494,0.287,10.14,35.29,149,10.64,30.5,0.509,0.5579999999999999,0,0
2014,Colgate,Patriot,9,7,0.563,16,135,524,0.258,8.44,32.75,142,8.88,29.69,0.598,0.6236,0,0
2014,Massachusetts,Colonial,7,6,0.5379999999999999,13,119,448,0.266,9.15,34.46,126,9.69,26.62,0.551,0.5952,0,0
2014,Penn St.,Colonial,7,6,0.5379999999999999,13,134,463,0.289,10.31,35.62,116,8.92,30.15,0.6,0.6169,0,0
2014,Princeton,Ivy League,7,6,0.5379999999999999,13,156,518,0.301,12.0,39.85,142,10.92,28.62,0.46,0.6091,0,0
2014,Towson,Colonial,8,7,0.5329999999999999,15,127,494,0.257,8.47,32.93,146,9.73,24.47,0.402,0.6137,0,0
2014,UMBC,America East,8,7,0.5329999999999999,15,183,578,0.317,12.2,38.53,179,11.93,33.07,0.5820000000000001,0.5398,0,0
2014,Rutgers,Big East,8,8,0.5,16,194,618,0.314,12.12,38.62,179,11.19,32.56,0.5770000000000001,0.5710000000000001,0,0
2014,St. John'sNY,Big East,7,7,0.5,14,160,532,0.301,11.43,38.0,167,11.93,27.57,0.41200000000000003,0.5963,0,0
2014,Canisius,Metro Atlantic,7,8,0.467,15,129,501,0.257,8.6,33.4,142,9.47,26.07,0.551,0.5473,0,0
2014,Bucknell,Patriot,7,8,0.467,15,132,576,0.22899999999999998,8.8,38.4,130,8.67,27.07,0.342,0.5929,0,0
2014,Binghamton,America East,7,8,0.467,15,143,502,0.285,9.53,33.47,159,10.6,26.0,0.46299999999999997,0.5488,0,0
2014,Delaware,Colonial,7,9,0.43799999999999994,16,146,535,0.273,9.12,33.44,144,9.0,29.69,0.596,0.5565,0,0
2014,Quinnipiac,Metro Atlantic,6,8,0.429,14,148,501,0.295,10.57,35.79,155,11.07,30.71,0.501,0.5178,0,0
2014,Ohio St.,ECAC,6,8,0.429,14,129,449,0.287,9.21,32.07,120,8.57,28.0,0.455,0.6142,0,0
2014,Marist,Metro Atlantic,6,9,0.4,15,165,571,0.289,11.0,38.07,175,11.67,30.27,0.54,0.5459,0,0
2014,Sacred Heart,Northeast,6,9,0.4,15,152,549,0.27699999999999997,10.13,36.6,175,11.67,26.4,0.41200000000000003,0.4821,0,0
2014,Hartford,America East,6,9,0.4,15,150,609,0.24600000000000002,10.0,40.6,156,10.4,33.8,0.541,0.4994,0,0
2014,Vermont,America East,5,8,0.385,13,131,515,0.254,10.08,39.62,143,11.0,32.46,0.42700000000000005,0.4238,0,0
2014,Villanova,Big East,6,10,0.375,16,151,574,0.263,9.44,35.88,164,10.25,30.5,0.493,0.6391,0,0
2014,Marquette,Big East,6,10,0.375,16,148,516,0.287,9.25,32.25,185,11.56,26.44,0.441,0.5711,0,0
2014,Stony Brook,America East,6,10,0.375,16,186,498,0.373,11.62,31.12,195,12.19,33.06,0.61,0.5670000000000001,0,0
2014,Robert Morris,Northeast,5,9,0.35700000000000004,14,128,509,0.251,9.14,36.36,162,11.57,29.07,0.387,0.5506,0,0
2014,Manhattan,Metro Atlantic,5,10,0.33299999999999996,15,107,423,0.253,7.13,28.2,165,11.0,27.87,0.379,0.4943,0,0
2014,Michigan,ECAC,5,11,0.313,16,157,633,0.248,9.81,39.56,201,12.56,29.44,0.491,0.5976,0,0
2014,Georgetown,Big East,4,10,0.28600000000000003,14,121,493,0.245,8.64,35.21,151,10.79,33.07,0.653,0.5573,0,0
2014,Navy,Patriot,4,10,0.28600000000000003,14,125,514,0.243,8.93,36.71,131,9.36,29.29,0.5589999999999999,0.5645,0,0
2014,Providence,Big East,4,11,0.267,15,128,520,0.24600000000000002,8.53,34.67,161,10.73,27.93,0.391,0.5527,0,0
2014,Holy Cross,Patriot,3,12,0.2,15,136,539,0.252,9.07,35.93,202,13.47,27.2,0.514,0.5348,0,0
2014,Dartmouth,Ivy League,2,10,0.16699999999999998,12,99,451,0.22,8.25,37.58,160,13.33,31.58,0.405,0.5473,0,0
2014,Lafayette,Patriot,2,11,0.154,13,80,404,0.198,6.15,31.08,148,11.38,25.69,0.39399999999999996,0.483,0,0
2014,Wagner,Northeast,2,11,0.154,13,90,386,0.233,6.92,29.69,161,12.38,27.92,0.414,0.4301,0,0
2014,Boston U.,Patriot,2,12,0.14300000000000002,14,101,462,0.21899999999999997,7.21,33.0,154,11.0,26.21,0.5479999999999999,0.5293,0,0
2014,Mt. St. Mary's,Northeast,1,15,0.063,16,91,443,0.205,5.69,27.69,192,12.0,26.38,0.47,0.5739,0,0
2014,Monmouth,Metro Atlantic,0,13,0.0,13,80,439,0.182,6.15,33.77,146,11.23,26.15,0.2962014,0.4964,0,0
2015,Denver,Big East,13,2,0.867,15,210,587,0.358,14.0,39.13,124,8.27,30.73,0.665,0.7115,1,1
2015,Syracuse,Atlantic Coast,12,2,0.857,14,203,601,0.33799999999999997,14.5,42.93,130,9.29,33.79,0.662,0.7019,1,0
2015,Notre Dame,Atlantic Coast,10,2,0.833,12,163,462,0.353,13.58,38.5,109,9.08,30.67,0.5,0.7209,1,0
2015,Marist,Metro Atlantic,14,3,0.8240000000000001,17,204,634,0.322,12.0,37.29,135,7.94,29.82,0.528,0.5583,1,0
2015,Maryland,Big Ten,12,3,0.8,15,155,585,0.265,10.33,39.0,99,6.6,26.67,0.523,0.682,1,0
2015,North Carolina,Atlantic Coast,12,3,0.8,15,218,656,0.332,14.53,43.73,147,9.8,38.13,0.49200000000000005,0.7233,1,0
2015,Brown,Ivy League,12,4,0.75,16,228,759,0.3,14.25,47.44,162,10.13,39.19,0.5870000000000001,0.6041,1,0
2015,Yale,Ivy League,11,4,0.733,15,175,531,0.33,11.67,35.4,122,8.13,28.07,0.523,0.6432,1,0
2015,Stony Brook,America East,13,5,0.722,18,250,622,0.402,13.89,34.56,196,10.89,34.11,0.531,0.584,0,0
2015,Virginia,Atlantic Coast,10,4,0.7140000000000001,14,174,512,0.34,12.43,36.57,146,10.43,32.21,0.462,0.6437,1,0
2015,Towson,Colonial,12,5,0.706,17,144,598,0.24100000000000002,8.47,35.18,127,7.47,27.35,0.51,0.5802,1,0
2015,Duke,Atlantic Coast,12,5,0.706,17,246,762,0.32299999999999995,14.47,44.82,192,11.29,37.0,0.562,0.7131,1,0
2015,Richmond,Southern,11,5,0.688,16,188,620,0.303,11.75,38.75,119,7.44,32.19,0.495,0.5249,0,0
2015,Cornell,Ivy League,10,5,0.667,15,174,653,0.266,11.6,43.53,140,9.33,35.47,0.657,0.6538,1,0
2015,Colgate,Patriot,10,5,0.667,15,157,442,0.355,10.47,29.47,131,8.73,25.53,0.37799999999999995,0.6145,1,0
2015,Ohio St.,Big Ten,11,6,0.647,17,161,557,0.289,9.47,32.76,148,8.71,28.18,0.574,0.7068,1,0
2015,Saint Joseph's,Northeast,11,6,0.647,17,182,675,0.27,10.71,39.71,130,7.65,30.59,0.512,0.5043,0,0
2015,Navy,Patriot,9,5,0.643,14,137,472,0.29,9.79,33.71,120,8.57,32.0,0.6,0.5764,0,0
2015,Georgetown,Big East,10,6,0.625,16,186,623,0.299,11.62,38.94,174,10.88,30.25,0.449,0.6536,0,0
2015,Marquette,Big East,10,6,0.625,16,163,539,0.302,10.19,33.69,168,10.5,24.88,0.43200000000000005,0.6148,0,0
2015,Johns Hopkins,Big Ten,9,6,0.6,15,188,586,0.321,12.53,39.07,155,10.33,29.67,0.522,0.6924,1,0
2015,Princeton,Ivy League,9,6,0.6,15,180,523,0.344,12.0,34.87,162,10.8,27.27,0.441,0.6253,0,0
2015,Fairfield,Colonial,9,6,0.6,15,144,515,0.28,9.6,34.33,112,7.47,28.47,0.562,0.5243,0,0
2015,Bucknell,Patriot,9,6,0.6,15,144,519,0.27699999999999997,9.6,34.6,149,9.93,26.6,0.431,0.5611,0,0
2015,High Point,Southern,10,7,0.588,17,184,605,0.304,10.82,35.59,166,9.76,29.71,0.55,0.5825,0,0
2015,Army West Point,Patriot,10,7,0.588,17,191,621,0.308,11.24,36.53,136,8.0,28.53,0.57,0.5971,0,0
2015,Air Force,ECAC,8,7,0.5329999999999999,15,145,536,0.271,9.67,35.73,131,8.73,26.27,0.505,0.54,0,0
2015,Harvard,Ivy League,7,7,0.5,14,172,545,0.316,12.29,38.93,172,12.29,30.93,0.425,0.5926,0,0
2015,Quinnipiac,Metro Atlantic,7,8,0.467,15,148,519,0.285,9.87,34.6,176,11.73,29.0,0.424,0.5561,0,0
2015,Drexel,Colonial,7,8,0.467,15,130,577,0.225,8.67,38.47,147,9.8,27.73,0.54,0.5762,0,0
2015,Hartford,America East,7,8,0.467,15,147,513,0.287,9.8,34.2,166,11.07,31.93,0.534,0.5362,0,0
2015,Loyola Maryland,Patriot,7,8,0.467,15,168,615,0.273,11.2,41.0,155,10.33,31.0,0.552,0.6126,0,0
2015,Sacred Heart,Northeast,6,7,0.462,13,112,419,0.267,8.62,32.23,152,11.69,28.15,0.516,0.469,0,0
2015,Holy Cross,Patriot,6,7,0.462,13,120,393,0.305,9.23,30.23,154,11.85,25.69,0.46799999999999997,0.5286,0,0
2015,Penn,Ivy League,6,7,0.462,13,131,467,0.281,10.08,35.92,152,11.69,28.92,0.47600000000000003,0.5781,0,0
2015,Bryant,Northeast,8,10,0.444,18,149,554,0.26899999999999996,8.28,30.78,148,8.22,30.61,0.67,0.6144,0,0
2015,Lehigh,Patriot,7,9,0.43799999999999994,16,163,555,0.294,10.19,34.69,161,10.06,29.44,0.457,0.5884,0,0
2015,Villanova,Big East,6,8,0.429,14,131,540,0.243,9.36,38.57,145,10.36,22.5,0.47700000000000004,0.6012,0,0
2015,Boston U.,Patriot,6,8,0.429,14,150,571,0.263,10.71,40.79,140,10.0,30.86,0.637,0.5221,0,0
2015,Monmouth,Metro Atlantic,6,8,0.429,14,93,436,0.213,6.64,31.14,107,7.64,23.0,0.402,0.4717,0,0
2015,Michigan,Big Ten,5,8,0.385,13,128,479,0.267,9.85,36.85,150,11.54,27.62,0.446,0.5692,0,0
2015,Mercer,Southern,5,8,0.385,13,108,526,0.205,8.31,40.46,141,10.85,27.08,0.514,0.5097,0,0
2015,Dartmouth,Ivy League,5,8,0.385,13,114,412,0.27699999999999997,8.77,31.69,161,12.38,31.85,0.556,0.5625,0,0
2015,UMBC,America East,5,8,0.385,13,111,402,0.276,8.54,30.92,131,10.08,24.54,0.43700000000000006,0.5158,0,0
2015,Vermont,America East,6,10,0.375,16,194,662,0.293,12.12,41.38,228,14.25,35.13,0.511,0.5304,0,0
2015,Providence,Big East,5,9,0.35700000000000004,14,113,445,0.254,8.07,31.79,152,10.86,26.64,0.38299999999999995,0.5552,0,0
2015,Siena,Metro Atlantic,5,9,0.35700000000000004,14,130,524,0.248,9.29,37.43,162,11.57,29.36,0.485,0.5173,0,0
2015,Hofstra,Colonial,5,9,0.35700000000000004,14,133,522,0.255,9.5,37.29,112,8.0,27.86,0.606,0.5582,0,0
2015,Penn St.,Big Ten,5,9,0.35700000000000004,14,129,463,0.27899999999999997,9.21,33.07,142,10.14,27.57,0.517,0.5901,0,0
2015,Mt. St. Mary's,Northeast,5,10,0.33299999999999996,15,110,485,0.22699999999999998,7.33,32.33,133,8.87,26.2,0.48,0.5282,0,0
2015,Massachusetts,Colonial,5,10,0.33299999999999996,15,146,494,0.29600000000000004,9.73,32.93,161,10.73,26.33,0.429,0.5773,0,0
2015,Rutgers,Big Ten,5,10,0.33299999999999996,15,155,558,0.278,10.33,37.2,154,10.27,32.47,0.647,0.5667,0,0
2015,Delaware,Colonial,5,10,0.33299999999999996,15,136,478,0.285,9.07,31.87,160,10.67,26.27,0.462,0.5225,0,0
2015,Bellarmine,Southern,4,8,0.33299999999999996,12,119,406,0.293,9.92,33.83,116,9.67,26.67,0.478,0.4729,0,0
2015,Jacksonville,Southern,4,8,0.33299999999999996,12,109,398,0.27399999999999997,9.08,33.17,148,12.33,26.58,0.524,0.4524,0,0
2015,Furman,Southern,4,9,0.308,13,94,445,0.21100000000000002,7.23,34.23,120,9.23,21.69,0.42,0.5223,0,0
2015,Wagner,Northeast,4,9,0.308,13,93,410,0.22699999999999998,7.15,31.54,107,8.23,22.31,0.429,0.392,0,0
2015,Binghamton,America East,4,9,0.308,13,140,455,0.308,10.77,35.0,140,10.77,25.85,0.53,0.5365,0,0
2015,Lafayette,Patriot,4,10,0.28600000000000003,14,127,485,0.262,9.07,34.64,171,12.21,26.79,0.39,0.4922,0,0
2015,St. John'sNY,Big East,3,11,0.214,14,138,503,0.27399999999999997,9.86,35.93,168,12.0,30.21,0.45,0.5760000000000001,0,0
2015,Robert Morris,Northeast,3,11,0.214,14,133,508,0.262,9.5,36.29,158,11.29,26.64,0.456,0.512,0,0
2015,Canisius,Metro Atlantic,3,12,0.2,15,118,489,0.24100000000000002,7.87,32.6,165,11.0,25.27,0.452,0.5006,0,0
2015,Manhattan,Metro Atlantic,1,14,0.067,15,74,420,0.17600000000000002,4.93,28.0,218,14.53,22.47,0.401,0.5459,0,0
2015,VMI,Southern,1,14,0.067,15,78,421,0.185,5.2,28.07,231,15.4,26.73,0.466,0.4957,0,0
2015,NJIT,Independent,0,12,0.0,12,54,314,0.172,4.5,26.17,159,13.25,22.5,0.433,0.4244,0,0
2016,Brown,Ivy League,15,2,0.882,17,285,784,0.364,16.76,46.12,146,8.59,39.24,0.6679999999999999,0.6476,1,0
2016,Towson,Colonial,15,2,0.882,17,189,651,0.29,11.12,38.29,119,7.0,26.65,0.48100000000000004,0.6008,1,0
2016,Maryland,Big Ten,14,2,0.875,16,178,613,0.29,11.12,38.31,126,7.88,27.06,0.524,0.6841,1,0
2016,Yale,Ivy League,13,2,0.867,15,188,617,0.305,12.53,41.13,117,7.8,30.73,0.49200000000000005,0.6385,1,0
2016,Denver,Big East,13,2,0.867,15,208,542,0.384,13.87,36.13,136,9.07,32.33,0.6729999999999999,0.6457,1,0
2016,Air Force,Southern,15,3,0.833,18,181,588,0.308,10.06,32.67,139,7.72,24.39,0.512,0.6133,1,0
2016,Loyola Maryland,Patriot,13,3,0.813,16,174,650,0.268,10.88,40.62,129,8.06,30.44,0.511,0.6438,1,0
2016,Quinnipiac,Metro Atlantic,12,3,0.8,15,159,555,0.28600000000000003,10.6,37.0,126,8.4,28.53,0.515,0.5933,1,0
2016,Notre Dame,Atlantic Coast,11,3,0.7859999999999999,14,156,521,0.299,11.14,37.21,107,7.64,30.14,0.493,0.6594,1,0
2016,Stony Brook,America East,12,4,0.75,16,213,594,0.359,13.31,37.12,146,9.13,31.69,0.517,0.557,0,0
2016,Saint Joseph's,Northeast,12,4,0.75,16,197,545,0.361,12.31,34.06,126,7.88,28.56,0.608,0.5042,0,0
2016,Syracuse,Atlantic Coast,11,4,0.733,15,194,614,0.316,12.93,40.93,127,8.47,30.73,0.626,0.662,1,0
2016,Navy,Patriot,10,4,0.7140000000000001,14,135,497,0.272,9.64,35.5,97,6.93,30.07,0.5660000000000001,0.6559,1,0
2016,Richmond,Southern,11,5,0.688,16,138,544,0.254,8.62,34.0,119,7.44,27.81,0.523,0.6025,0,0
2016,Marquette,Big East,11,5,0.688,16,149,500,0.298,9.31,31.25,130,8.13,26.25,0.556,0.6548,1,0
2016,Rutgers,Big Ten,11,5,0.688,16,199,638,0.312,12.44,39.88,158,9.88,31.75,0.48200000000000004,0.6002,0,0
2016,Bryant,Northeast,10,5,0.667,15,168,610,0.275,11.2,40.67,128,8.53,31.13,0.55,0.5893,0,0
2016,Bucknell,Patriot,10,5,0.667,15,166,544,0.305,11.07,36.27,136,9.07,30.07,0.57,0.5753,0,0
2016,Villanova,Big East,9,5,0.643,14,190,652,0.29100000000000004,13.57,46.57,149,10.64,30.57,0.552,0.5981,0,0
2016,Hartford,America East,11,7,0.611,18,195,635,0.307,10.83,35.28,183,10.17,32.44,0.6920000000000001,0.5778,1,0
2016,Hofstra,Colonial,9,6,0.6,15,150,540,0.278,10.0,36.0,128,8.53,29.93,0.541,0.5337,0,0
2016,High Point,Southern,9,6,0.6,15,162,527,0.307,10.8,35.13,162,10.8,29.47,0.534,0.5803,0,0
2016,North Carolina,Atlantic Coast,9,6,0.6,15,190,616,0.308,12.67,41.07,154,10.27,30.93,0.56,0.7146,1,1
2016,Army West Point,Patriot,10,7,0.588,17,193,664,0.29100000000000004,11.35,39.06,136,8.0,33.59,0.613,0.6186,0,0
2016,Hobart and William Colleges,Northeast,10,7,0.588,17,157,611,0.257,9.24,35.94,172,10.12,26.0,0.551,0.5735,0,0
2016,Duke,Atlantic Coast,11,8,0.579,19,254,735,0.34600000000000003,13.37,38.68,189,9.95,34.95,0.597,0.6962,1,0
2016,Marist,Metro Atlantic,9,7,0.563,16,154,517,0.298,9.62,32.31,137,8.56,21.06,0.308,0.5213,0,0
2016,Boston U.,Patriot,8,7,0.5329999999999999,15,140,498,0.281,9.33,33.2,148,9.87,32.47,0.621,0.5646,0,0
2016,Penn,Ivy League,8,7,0.5329999999999999,15,153,545,0.281,10.2,36.33,151,10.07,25.8,0.46,0.6216,0,0
2016,Penn St.,Big Ten,8,7,0.5329999999999999,15,178,519,0.34299999999999997,11.87,34.6,164,10.93,27.07,0.47,0.6174,0,0
2016,Johns Hopkins,Big Ten,8,7,0.5329999999999999,15,185,591,0.313,12.33,39.4,174,11.6,29.07,0.531,0.672,1,0
2016,Vermont,America East,9,8,0.529,17,210,679,0.309,12.35,39.94,181,10.65,29.29,0.512,0.5173,0,0
2016,Fairfield,Colonial,9,8,0.529,17,153,562,0.272,9.0,33.06,159,9.35,24.59,0.53,0.636,0,0
2016,Harvard,Ivy League,8,8,0.5,16,183,558,0.32799999999999996,11.44,34.88,172,10.75,29.06,0.38299999999999995,0.6482,0,0
2016,Monmouth,Metro Atlantic,7,7,0.5,14,135,492,0.27399999999999997,9.64,35.14,118,8.43,24.86,0.436,0.2016,0,0
2016,Virginia,Atlantic Coast,7,8,0.467,15,159,601,0.265,10.6,40.07,155,10.33,35.2,0.552,0.6315,0,0
2016,Ohio St.,Big Ten,7,8,0.467,15,141,509,0.27699999999999997,9.4,33.93,136,9.07,26.07,0.599,0.615,0,0
2016,Robert Morris,Northeast,7,8,0.467,15,170,567,0.3,11.33,37.8,171,11.4,27.07,0.442,0.5720000000000001,0,0
2016,Cornell,Ivy League,6,7,0.462,13,121,482,0.251,9.31,37.08,133,10.23,31.92,0.633,0.583,0,0
2016,Providence,Big East,7,9,0.43799999999999994,16,156,525,0.297,9.75,32.81,173,10.81,26.13,0.401,0.6027,0,0
2016,Mt. St. Mary's,Northeast,6,8,0.429,14,134,489,0.27399999999999997,9.57,34.93,142,10.14,28.43,0.511,0.5174,0,0
2016,Bellarmine,Southern,6,9,0.4,15,129,472,0.273,8.6,31.47,137,9.13,24.93,0.545,0.5911,0,0
2016,Drexel,Colonial,6,9,0.4,15,134,496,0.27,8.93,33.07,142,9.47,23.73,0.39899999999999997,0.6201,0,0
2016,Lehigh,Patriot,6,9,0.4,15,154,483,0.319,10.27,32.2,163,10.87,27.8,0.32899999999999996,0.5595,0,0
2016,Mercer,Southern,5,8,0.385,13,120,443,0.271,9.23,34.08,142,10.92,22.15,0.48700000000000004,0.4998,0,0
2016,Princeton,Ivy League,5,8,0.385,13,130,398,0.327,10.0,30.62,150,11.54,29.85,0.469,0.6112,0,0
2016,Delaware,Colonial,5,10,0.33299999999999996,15,123,481,0.256,8.2,32.07,157,10.47,26.53,0.491,0.5697,0,0
2016,Canisius,Metro Atlantic,4,8,0.33299999999999996,12,110,420,0.262,9.17,35.0,131,10.92,25.33,0.507,0.4814,0,0
2016,Massachusetts,Colonial,4,9,0.308,13,112,428,0.262,8.62,32.92,128,9.85,27.31,0.491,0.6027,0,0
2016,UMBC,America East,4,10,0.28600000000000003,14,126,389,0.324,9.0,27.79,164,11.71,23.86,0.312,0.5712,0,0
2016,Colgate,Patriot,4,10,0.28600000000000003,14,107,463,0.231,7.64,33.07,148,10.57,24.36,0.409,0.5602,0,0
2016,Binghamton,America East,4,10,0.28600000000000003,14,132,520,0.254,9.43,37.14,169,12.07,25.43,0.483,0.5478,0,0
2016,Holy Cross,Patriot,4,11,0.267,15,134,536,0.25,8.93,35.73,173,11.53,25.67,0.366,0.5792,0,0
2016,Michigan,Big Ten,3,10,0.231,13,122,441,0.27699999999999997,9.38,33.92,166,12.77,28.31,0.5329999999999999,0.5685,0,0
2016,Jacksonville,Southern,3,10,0.231,13,107,397,0.27,8.23,30.54,148,11.38,27.77,0.5429999999999999,0.474,0,0
2016,Siena,Metro Atlantic,3,10,0.231,13,114,490,0.233,8.77,37.69,157,12.08,26.62,0.45,0.49200000000000005,0,0
2016,Lafayette,Patriot,3,11,0.214,14,108,425,0.254,7.71,30.36,161,11.5,28.36,0.49,0.4815,0,0
2016,Manhattan,Metro Atlantic,3,12,0.2,15,103,395,0.261,6.87,26.33,184,12.27,23.4,0.368,0.5192,0,0
2016,Detroit,Metro Atlantic,2,10,0.16699999999999998,12,73,363,0.201,6.08,30.25,118,9.83,24.92,0.447,0.5209,0,0
2016,Furman,Southern,2,11,0.154,13,104,376,0.27699999999999997,8.0,28.92,147,11.31,23.23,0.451,0.5388,0,0
2016,St. John'sNY,Big East,2,12,0.14300000000000002,14,114,470,0.243,8.14,33.57,188,13.43,26.43,0.43200000000000005,0.6118,0,0
2016,Georgetown,Big East,2,12,0.14300000000000002,14,100,452,0.221,7.14,32.29,155,11.07,23.43,0.377,0.6132,0,0
2016,VMI,Southern,2,14,0.125,16,96,462,0.20800000000000002,6.0,28.88,223,13.94,26.38,0.405,0.503,0,0
2016,Sacred Heart,Northeast,2,14,0.125,16,125,572,0.21899999999999997,7.81,35.75,201,12.56,24.56,0.41,0.618,0,0
2016,Dartmouth,Ivy League,1,13,0.071,14,89,430,0.207,6.36,30.71,176,12.57,28.14,0.389,0.5525,0,0
2016,NJIT,Independent,1,14,0.067,15,88,397,0.222,5.87,26.47,207,13.8,25.13,0.387,0.4762,0,0
2017,Syracuse,Atlantic Coast,12,2,0.857,14,175,540,0.324,12.5,38.57,141,10.07,29.43,0.528,0.6408,1,0
2017,Penn St.,Big Ten,12,3,0.8,15,205,580,0.353,13.67,38.67,159,10.6,30.8,0.584,0.6504,1,0
2017,Maryland,Big Ten,12,3,0.8,15,188,541,0.348,12.53,36.07,134,8.93,30.27,0.5,0.7376,1,1
2017,Hofstra,Colonial,11,3,0.7859999999999999,14,162,459,0.353,11.57,32.79,123,8.79,26.71,0.457,0.5569,0,0
2017,Denver,Big East,11,3,0.7859999999999999,14,188,551,0.341,13.43,39.36,126,9.0,30.0,0.723,0.6409999999999999,1,0
2017,Monmouth,Metro Atlantic,14,4,0.778,18,175,666,0.263,9.72,37.0,123,7.24,26.06,0.47700000000000004,0.5106,1,0
2017,Ohio St.,Big Ten,13,4,0.765,17,198,597,0.332,11.65,35.12,142,8.35,29.59,0.621,0.7163,1,0
2017,Richmond,Southern,12,4,0.75,16,167,553,0.302,10.44,34.56,100,6.25,30.31,0.589,0.5393,0,0
2017,Duke,Atlantic Coast,12,4,0.75,16,205,595,0.345,12.81,37.19,129,8.06,30.5,0.5489999999999999,0.6377,1,0
2017,Army West Point,Patriot,12,4,0.75,16,170,624,0.272,10.62,39.0,131,8.19,33.5,0.614,0.603,0,0
2017,Towson,Colonial,10,4,0.7140000000000001,14,130,516,0.252,9.29,36.86,104,7.43,27.07,0.573,0.6593,1,0
2017,Rutgers,Big Ten,10,4,0.7140000000000001,14,164,566,0.29,11.71,40.43,127,9.07,32.14,0.5379999999999999,0.6227,0,0
2017,Boston U.,Patriot,12,5,0.706,17,183,579,0.316,10.76,34.06,151,8.88,30.35,0.489,0.5819,0,0
2017,Air Force,Southern,12,5,0.706,17,187,662,0.282,11.0,38.94,130,7.65,27.0,0.544,0.6062,1,0
2017,Binghamton,America East,11,5,0.688,16,153,485,0.315,9.56,30.31,131,8.19,22.69,0.479,0.5732,0,0
2017,Yale,Ivy League,10,5,0.667,15,197,618,0.319,13.13,41.2,154,10.27,32.27,0.605,0.6369,1,0
2017,Loyola Maryland,Patriot,10,5,0.667,15,194,614,0.316,12.93,40.93,127,8.47,34.27,0.564,0.6178,1,0
2017,Brown,Ivy League,10,6,0.625,16,228,716,0.318,14.25,44.75,206,12.88,36.56,0.59,0.5655,0,0
2017,Marist,Metro Atlantic,10,6,0.625,16,127,448,0.28300000000000003,7.94,28.0,120,7.5,23.13,0.522,0.5277,0,0
2017,Notre Dame,Atlantic Coast,8,5,0.615,13,139,444,0.313,10.69,34.15,122,9.38,27.31,0.43700000000000006,0.6754,1,0
2017,Bryant,Northeast,11,7,0.611,18,181,633,0.28600000000000003,10.06,35.17,135,7.94,28.78,0.564,0.5931,1,0
2017,Sacred Heart,Northeast,9,6,0.6,15,170,592,0.287,11.33,39.47,154,10.27,31.33,0.49,0.4808,0,0
2017,Villanova,Big East,9,6,0.6,15,197,677,0.29100000000000004,13.13,45.13,172,11.47,27.53,0.47700000000000004,0.6191,0,0
2017,Princeton,Ivy League,9,6,0.6,15,220,616,0.35700000000000004,14.67,41.07,171,11.4,33.47,0.49,0.5704,0,0
2017,Providence,Big East,10,7,0.588,17,164,652,0.252,9.65,38.35,142,8.35,26.76,0.536,0.5846,0,0
2017,Michigan,Big Ten,8,6,0.5710000000000001,14,148,511,0.29,10.57,36.5,158,11.29,27.21,0.479,0.5787,0,0
2017,Johns Hopkins,Big Ten,8,6,0.5710000000000001,14,168,537,0.313,12.0,38.36,153,10.93,26.79,0.465,0.6815,1,0
2017,Robert Morris,Northeast,9,7,0.563,16,174,618,0.282,10.88,38.62,165,10.31,30.31,0.42100000000000004,0.502,0,0
2017,Penn,Ivy League,7,6,0.5379999999999999,13,147,477,0.308,11.31,36.69,140,10.77,26.69,0.49,0.5579999999999999,0,0
2017,Virginia,Atlantic Coast,8,7,0.5329999999999999,15,216,695,0.311,14.4,46.33,199,13.27,43.33,0.527,0.5803,0,0
2017,North Carolina,Atlantic Coast,8,7,0.5329999999999999,15,172,594,0.29,11.47,39.6,152,10.13,30.07,0.521,0.6904,1,0
2017,Marquette,Big East,8,7,0.5329999999999999,15,144,523,0.275,9.6,34.87,134,8.93,25.33,0.49700000000000005,0.6358,1,0
2017,Stony Brook,America East,7,7,0.5,14,150,475,0.316,10.71,33.93,165,11.79,25.93,0.405,0.5979,0,0
2017,Lehigh,Patriot,7,7,0.5,14,137,478,0.287,9.79,34.14,140,10.0,31.79,0.531,0.5271,0,0
2017,Delaware,Colonial,7,8,0.467,15,158,571,0.27699999999999997,10.53,38.07,152,10.13,27.47,0.496,0.5627,0,0
2017,Massachusetts,Colonial,7,8,0.467,15,134,525,0.255,8.93,35.0,151,10.07,27.73,0.5579999999999999,0.6481,0,0
2017,Furman,Southern,7,8,0.467,15,152,499,0.305,10.13,33.27,136,9.07,25.53,0.485,0.5571,0,0
2017,Harvard,Ivy League,6,7,0.462,13,142,451,0.315,10.92,34.69,144,11.08,26.69,0.376,0.5649,0,0
2017,UMBC,America East,6,8,0.429,14,106,411,0.258,7.57,29.36,128,9.14,21.5,0.46799999999999997,0.6052,0,0
2017,Drexel,Colonial,6,8,0.429,14,137,425,0.322,9.79,30.36,155,11.07,25.21,0.379,0.5959,0,0
2017,Hartford,America East,6,8,0.429,14,155,497,0.312,11.07,35.5,154,11.0,28.79,0.537,0.5582,0,0
2017,Navy,Patriot,6,8,0.429,14,132,431,0.306,9.43,30.79,134,9.57,31.21,0.642,0.5491,0,0
2017,Wagner,Northeast,6,9,0.4,15,116,493,0.235,7.73,32.87,146,9.73,25.53,0.408,0.4697,0,0
2017,Canisius,Metro Atlantic,6,9,0.4,15,147,483,0.304,9.8,32.2,160,10.67,26.27,0.436,0.5719,0,0
2017,Cornell,Ivy League,5,8,0.385,13,152,497,0.306,11.69,38.23,175,13.46,33.0,0.381,0.5922,0,0
2017,Mercer,Southern,5,8,0.385,13,115,455,0.253,8.85,35.0,141,10.85,26.69,0.556,0.4308,0,0
2017,Vermont,America East,5,8,0.385,13,128,387,0.331,9.85,29.77,145,11.15,26.23,0.503,0.5143,0,0
2017,Bucknell,Patriot,5,8,0.385,13,126,490,0.257,9.69,37.69,138,10.62,27.92,0.515,0.5206,0,0
2017,Cleveland St.,Independent,5,9,0.35700000000000004,14,126,443,0.284,9.0,31.64,185,13.21,26.93,0.431,0.6068,0,0
2017,Fairfield,Colonial,5,9,0.35700000000000004,14,119,513,0.23199999999999998,8.5,36.64,145,10.36,27.21,0.511,0.5888,0,0
2017,Colgate,Patriot,5,9,0.35700000000000004,14,132,523,0.252,9.43,37.36,149,10.64,26.93,0.517,0.5633,0,0
2017,Saint Joseph's,Northeast,5,9,0.35700000000000004,14,124,465,0.267,8.86,33.21,139,9.93,28.21,0.54,0.5589999999999999,0,0
2017,Holy Cross,Patriot,5,10,0.33299999999999996,15,128,492,0.26,8.53,32.8,162,10.8,27.27,0.381,0.5446,0,0
2017,Detroit Mercy,Metro Atlantic,5,11,0.313,16,135,534,0.253,8.44,33.38,172,10.75,25.31,0.501,0.5223,0,0
2017,Bellarmine,Southern,4,9,0.308,13,112,424,0.264,8.62,32.62,174,13.38,20.0,0.38299999999999995,0.4649,0,0
2017,Georgetown,Big East,4,10,0.28600000000000003,14,142,528,0.26899999999999996,10.14,37.71,157,11.21,24.79,0.461,0.6006,0,0
2017,High Point,Southern,4,10,0.28600000000000003,14,125,455,0.275,8.93,32.5,157,11.21,23.29,0.33899999999999997,0.5352,0,0
2017,Mt. St. Mary's,Northeast,4,10,0.28600000000000003,14,123,476,0.258,8.79,34.0,159,11.36,24.57,0.37799999999999995,0.5006,0,0
2017,Manhattan,Metro Atlantic,3,11,0.214,14,118,463,0.255,8.43,33.07,185,13.21,29.86,0.496,0.4515,0,0
2017,Jacksonville,Southern,3,11,0.214,14,128,395,0.324,9.14,28.21,176,12.57,28.07,0.547,0.5269,0,0
2017,Siena,Metro Atlantic,3,11,0.214,14,145,529,0.27399999999999997,10.36,37.79,187,13.36,26.57,0.431,0.5226,0,0
2017,Quinnipiac,Metro Atlantic,2,9,0.182,11,102,409,0.249,9.27,37.18,126,11.45,30.18,0.534,0.2017,0,0
2017,Dartmouth,Ivy League,2,11,0.154,13,92,417,0.221,7.08,32.08,166,12.77,29.54,0.35700000000000004,0.4917,0,0
2017,Lafayette,Patriot,2,12,0.14300000000000002,14,102,454,0.225,7.29,32.43,176,12.57,28.93,0.474,0.544,0,0
